url_path,views_total,views_unique
/systemsomicslab/MassBank-RDF,14,4
/systemsomicslab/MassBank-RDF/tree/main,10,1
/systemsomicslab/MassBank-RDF/tree/main/draft_ttl,8,3
/systemsomicslab/MassBank-RDF/tree/main/src/pymassbank,7,1
/systemsomicslab/pymassbank/tree/main/src/pymassbank,6,2
/systemsomicslab/MassBank-RDF/blob/main/pyproject.toml,6,1
/systemsomicslab/MassBank-RDF/new/main,6,1
/systemsomicslab/MassBank-RDF/blob/main/draft_ttl/MSBNK-RIKEN-PR010017.ttl,4,2
/systemsomicslab/MassBank-RDF/blob/main/jsonld2ttl/MSBNK-CASMI_2016-SM827751.ttl,4,1
/systemsomicslab/MassBank-RDF/blob/main/README.md,4,1
